[
    {
        "data": "2020-02-24T18:00:00",
        "stato": "ITA",
        "ricoverati_con_sintomi": 101,
        "terapia_intensiva": 26,
        "totale_ospedalizzati": 127,
        "isolamento_domiciliare": 94,
        "totale_positivi": 221,
        "variazione_totale_positivi": 0,
        "nuovi_positivi": 221,
        "dimessi_guariti": 1,
        "deceduti": 7,
        "totale_casi": 229,
        "tamponi": 4324,
        "note_it": "",
        "note_en": ""
    },
    {
        "data": "2020-02-25T18:00:00",
        "stato": "ITA",
        "ricoverati_con_sintomi": 114,
        "terapia_intensiva": 35,
        "totale_ospedalizzati": 150,
        "isolamento_domiciliare": 162,
        "totale_positivi": 311,
        "variazione_totale_positivi": 90,
        "nuovi_positivi": 93,
        "dimessi_guariti": 1,
        "deceduti": 10,
        "totale_casi": 322,
        "tamponi": 8623,
        "note_it": "",
        "note_en": ""
    },
    {
        "data": "2020-02-26T18:00:00",
        "stato": "ITA",
        "ricoverati_con_sintomi": 128,
        "terapia_intensiva": 36,
        "totale_ospedalizzati": 164,
        "isolamento_domiciliare": 221,
        "totale_positivi": 385,
        "variazione_totale_positivi": 74,
        "nuovi_positivi": 78,
        "dimessi_guariti": 3,
        "deceduti": 12,
        "totale_casi": 400,
        "tamponi": 9587,
        "note_it": "",
        "note_en": ""
    },
    {
        "data": "2020-02-27T18:00:00",
        "stato": "ITA",
        "ricoverati_con_sintomi": 248,
        "terapia_intensiva": 56,
        "totale_ospedalizzati": 304,
        "isolamento_domiciliare": 284,
        "totale_positivi": 588,
        "variazione_totale_positivi": 203,
        "nuovi_positivi": 250,
        "dimessi_guariti": 45,
        "deceduti": 17,
        "totale_casi": 650,
        "tamponi": 12014,
        "note_it": "",
        "note_en": ""
    },
    {
        "data": "2020-02-28T18:00:00",
        "stato": "ITA",
        "ricoverati_con_sintomi": 345,
        "terapia_intensiva": 64,
        "totale_ospedalizzati": 409,
        "isolamento_domiciliare": 412,
        "totale_positivi": 821,
        "variazione_totale_positivi": 233,
        "nuovi_positivi": 238,
        "dimessi_guariti": 46,
        "deceduti": 21,
        "totale_casi": 888,
        "tamponi": 15695,
        "note_it": "",
        "note_en": ""
    },
    {
        "data": "2020-02-29T18:00:00",
        "stato": "ITA",
        "ricoverati_con_sintomi": 401,
        "terapia_intensiva": 105,
        "totale_ospedalizzati": 506,
        "isolamento_domiciliare": 543,
        "totale_positivi": 1049,
        "variazione_totale_positivi": 228,
        "nuovi_positivi": 240,
        "dimessi_guariti": 50,
        "deceduti": 29,
        "totale_casi": 1128,
        "tamponi": 18661,
        "note_it": "",
        "note_en": ""
    },
    {
        "data": "2020-03-01T18:00:00",
        "stato": "ITA",
        "ricoverati_con_sintomi": 639,
        "terapia_intensiva": 140,
        "totale_ospedalizzati": 779,
        "isolamento_domiciliare": 798,
        "totale_positivi": 1577,
        "variazione_totale_positivi": 528,
        "nuovi_positivi": 566,
        "dimessi_guariti": 83,
        "deceduti": 34,
        "totale_casi": 1694,
        "tamponi": 21127,
        "note_it": "",
        "note_en": ""
    },
    {
        "data": "2020-03-02T18:00:00",
        "stato": "ITA",
        "ricoverati_con_sintomi": 742,
        "terapia_intensiva": 166,
        "totale_ospedalizzati": 908,
        "isolamento_domiciliare": 927,
        "totale_positivi": 1835,
        "variazione_totale_positivi": 258,
        "nuovi_positivi": 342,
        "dimessi_guariti": 149,
        "deceduti": 52,
        "totale_casi": 2036,
        "tamponi": 23345,
        "note_it": "",
        "note_en": ""
    },
    {
        "data": "2020-03-03T18:00:00",
        "stato": "ITA",
        "ricoverati_con_sintomi": 1034,
        "terapia_intensiva": 229,
        "totale_ospedalizzati": 1263,
        "isolamento_domiciliare": 1000,
        "totale_positivi": 2263,
        "variazione_totale_positivi": 428,
        "nuovi_positivi": 466,
        "dimessi_guariti": 160,
        "deceduti": 79,
        "totale_casi": 2502,
        "tamponi": 25856,
        "note_it": "",
        "note_en": ""
    },
    {
        "data": "2020-03-04T18:00:00",
        "stato": "ITA",
        "ricoverati_con_sintomi": 1346,
        "terapia_intensiva": 295,
        "totale_ospedalizzati": 1641,
        "isolamento_domiciliare": 1065,
        "totale_positivi": 2706,
        "variazione_totale_positivi": 443,
        "nuovi_positivi": 587,
        "dimessi_guariti": 276,
        "deceduti": 107,
        "totale_casi": 3089,
        "tamponi": 29837,
        "note_it": "",
        "note_en": ""
    },
    {
        "data": "2020-03-05T18:00:00",
        "stato": "ITA",
        "ricoverati_con_sintomi": 1790,
        "terapia_intensiva": 351,
        "totale_ospedalizzati": 2141,
        "isolamento_domiciliare": 1155,
        "totale_positivi": 3296,
        "variazione_totale_positivi": 590,
        "nuovi_positivi": 769,
        "dimessi_guariti": 414,
        "deceduti": 148,
        "totale_casi": 3858,
        "tamponi": 32362,
        "note_it": "",
        "note_en": ""
    },
    {
        "data": "2020-03-06T18:00:00",
        "stato": "ITA",
        "ricoverati_con_sintomi": 2394,
        "terapia_intensiva": 462,
        "totale_ospedalizzati": 2856,
        "isolamento_domiciliare": 1060,
        "totale_positivi": 3916,
        "variazione_totale_positivi": 620,
        "nuovi_positivi": 778,
        "dimessi_guariti": 523,
        "deceduti": 197,
        "totale_casi": 4636,
        "tamponi": 36359,
        "note_it": "",
        "note_en": ""
    },
    {
        "data": "2020-03-07T18:00:00",
        "stato": "ITA",
        "ricoverati_con_sintomi": 2651,
        "terapia_intensiva": 567,
        "totale_ospedalizzati": 3218,
        "isolamento_domiciliare": 1843,
        "totale_positivi": 5061,
        "variazione_totale_positivi": 1145,
        "nuovi_positivi": 1247,
        "dimessi_guariti": 589,
        "deceduti": 233,
        "totale_casi": 5883,
        "tamponi": 42062,
        "note_it": "pd-IT-0003",
        "note_en": "pd-EN-0003"
    },
    {
        "data": "2020-03-08T18:00:00",
        "stato": "ITA",
        "ricoverati_con_sintomi": 3557,
        "terapia_intensiva": 650,
        "totale_ospedalizzati": 4207,
        "isolamento_domiciliare": 2180,
        "totale_positivi": 6387,
        "variazione_totale_positivi": 1326,
        "nuovi_positivi": 1492,
        "dimessi_guariti": 622,
        "deceduti": 366,
        "totale_casi": 7375,
        "tamponi": 49937,
        "note_it": "",
        "note_en": ""
    },
    {
        "data": "2020-03-09T18:00:00",
        "stato": "ITA",
        "ricoverati_con_sintomi": 4316,
        "terapia_intensiva": 733,
        "totale_ospedalizzati": 5049,
        "isolamento_domiciliare": 2936,
        "totale_positivi": 7985,
        "variazione_totale_positivi": 1598,
        "nuovi_positivi": 1797,
        "dimessi_guariti": 724,
        "deceduti": 463,
        "totale_casi": 9172,
        "tamponi": 53826,
        "note_it": "",
        "note_en": ""
    },
    {
        "data": "2020-03-10T18:00:00",
        "stato": "ITA",
        "ricoverati_con_sintomi": 5038,
        "terapia_intensiva": 877,
        "totale_ospedalizzati": 5915,
        "isolamento_domiciliare": 2599,
        "totale_positivi": 8514,
        "variazione_totale_positivi": 529,
        "nuovi_positivi": 977,
        "dimessi_guariti": 1004,
        "deceduti": 631,
        "totale_casi": 10149,
        "tamponi": 60761,
        "note_it": "pd-IT-0005",
        "note_en": "pd-EN-0005"
    },
    {
        "data": "2020-03-11T17:00:00",
        "stato": "ITA",
        "ricoverati_con_sintomi": 5838,
        "terapia_intensiva": 1028,
        "totale_ospedalizzati": 6866,
        "isolamento_domiciliare": 3724,
        "totale_positivi": 10590,
        "variazione_totale_positivi": 2076,
        "nuovi_positivi": 2313,
        "dimessi_guariti": 1045,
        "deceduti": 827,
        "totale_casi": 12462,
        "tamponi": 73154,
        "note_it": "nd-IT-0002",
        "note_en": "nd-EN-0002"
    },
    {
        "data": "2020-03-12T17:00:00",
        "stato": "ITA",
        "ricoverati_con_sintomi": 6650,
        "terapia_intensiva": 1153,
        "totale_ospedalizzati": 7803,
        "isolamento_domiciliare": 5036,
        "totale_positivi": 12839,
        "variazione_totale_positivi": 2249,
        "nuovi_positivi": 2651,
        "dimessi_guariti": 1258,
        "deceduti": 1016,
        "totale_casi": 15113,
        "tamponi": 86011,
        "note_it": "",
        "note_en": ""
    },
    {
        "data": "2020-03-13T17:00:00",
        "stato": "ITA",
        "ricoverati_con_sintomi": 7426,
        "terapia_intensiva": 1328,
        "totale_ospedalizzati": 8754,
        "isolamento_domiciliare": 6201,
        "totale_positivi": 14955,
        "variazione_totale_positivi": 2116,
        "nuovi_positivi": 2547,
        "dimessi_guariti": 1439,
        "deceduti": 1266,
        "totale_casi": 17660,
        "tamponi": 97488,
        "note_it": "",
        "note_en": ""
    },
    {
        "data": "2020-03-14T17:00:00",
        "stato": "ITA",
        "ricoverati_con_sintomi": 8372,
        "terapia_intensiva": 1518,
        "totale_ospedalizzati": 9890,
        "isolamento_domiciliare": 7860,
        "totale_positivi": 17750,
        "variazione_totale_positivi": 2795,
        "nuovi_positivi": 3497,
        "dimessi_guariti": 1966,
        "deceduti": 1441,
        "totale_casi": 21157,
        "tamponi": 109170,
        "note_it": "",
        "note_en": ""
    },
    {
        "data": "2020-03-15T17:00:00",
        "stato": "ITA",
        "ricoverati_con_sintomi": 9663,
        "terapia_intensiva": 1672,
        "totale_ospedalizzati": 11335,
        "isolamento_domiciliare": 9268,
        "totale_positivi": 20603,
        "variazione_totale_positivi": 2853,
        "nuovi_positivi": 3590,
        "dimessi_guariti": 2335,
        "deceduti": 1809,
        "totale_casi": 24747,
        "tamponi": 124899,
        "note_it": "",
        "note_en": ""
    },
    {
        "data": "2020-03-16T17:00:00",
        "stato": "ITA",
        "ricoverati_con_sintomi": 11025,
        "terapia_intensiva": 1851,
        "totale_ospedalizzati": 12876,
        "isolamento_domiciliare": 10197,
        "totale_positivi": 23073,
        "variazione_totale_positivi": 2470,
        "nuovi_positivi": 3233,
        "dimessi_guariti": 2749,
        "deceduti": 2158,
        "totale_casi": 27980,
        "tamponi": 137962,
        "note_it": "nd-IT-0004;nd-IT-0006",
        "note_en": "nd-EN-0004;nd-EN-0006"
    },
    {
        "data": "2020-03-17T17:00:00",
        "stato": "ITA",
        "ricoverati_con_sintomi": 12894,
        "terapia_intensiva": 2060,
        "totale_ospedalizzati": 14954,
        "isolamento_domiciliare": 11108,
        "totale_positivi": 26062,
        "variazione_totale_positivi": 2989,
        "nuovi_positivi": 3526,
        "dimessi_guariti": 2941,
        "deceduti": 2503,
        "totale_casi": 31506,
        "tamponi": 148657,
        "note_it": "nd-IT-0009",
        "note_en": "nd-EN-0009"
    },
    {
        "data": "2020-03-18T17:00:00",
        "stato": "ITA",
        "ricoverati_con_sintomi": 14363,
        "terapia_intensiva": 2257,
        "totale_ospedalizzati": 16620,
        "isolamento_domiciliare": 12090,
        "totale_positivi": 28710,
        "variazione_totale_positivi": 2648,
        "nuovi_positivi": 4207,
        "dimessi_guariti": 4025,
        "deceduti": 2978,
        "totale_casi": 35713,
        "tamponi": 165541,
        "note_it": "nd-IT-0012;nd-IT-0014",
        "note_en": "nd-EN-0012;nd-EN-0014"
    },
    {
        "data": "2020-03-19T17:00:00",
        "stato": "ITA",
        "ricoverati_con_sintomi": 15757,
        "terapia_intensiva": 2498,
        "totale_ospedalizzati": 18255,
        "isolamento_domiciliare": 14935,
        "totale_positivi": 33190,
        "variazione_totale_positivi": 4480,
        "nuovi_positivi": 5322,
        "dimessi_guariti": 4440,
        "deceduti": 3405,
        "totale_casi": 41035,
        "tamponi": 182777,
        "note_it": "",
        "note_en": ""
    },
    {
        "data": "2020-03-20T17:00:00",
        "stato": "ITA",
        "ricoverati_con_sintomi": 16020,
        "terapia_intensiva": 2655,
        "totale_ospedalizzati": 18675,
        "isolamento_domiciliare": 19185,
        "totale_positivi": 37860,
        "variazione_totale_positivi": 4670,
        "nuovi_positivi": 5986,
        "dimessi_guariti": 5129,
        "deceduti": 4032,
        "totale_casi": 47021,
        "tamponi": 206886,
        "note_it": "",
        "note_en": ""
    },
    {
        "data": "2020-03-21T17:00:00",
        "stato": "ITA",
        "ricoverati_con_sintomi": 17708,
        "terapia_intensiva": 2857,
        "totale_ospedalizzati": 20565,
        "isolamento_domiciliare": 22116,
        "totale_positivi": 42681,
        "variazione_totale_positivi": 4821,
        "nuovi_positivi": 6557,
        "dimessi_guariti": 6072,
        "deceduti": 4825,
        "totale_casi": 53578,
        "tamponi": 233222,
        "note_it": "",
        "note_en": ""
    },
    {
        "data": "2020-03-22T17:00:00",
        "stato": "ITA",
        "ricoverati_con_sintomi": 19846,
        "terapia_intensiva": 3009,
        "totale_ospedalizzati": 22855,
        "isolamento_domiciliare": 23783,
        "totale_positivi": 46638,
        "variazione_totale_positivi": 3957,
        "nuovi_positivi": 5560,
        "dimessi_guariti": 7024,
        "deceduti": 5476,
        "totale_casi": 59138,
        "tamponi": 258402,
        "note_it": "",
        "note_en": ""
    },
    {
        "data": "2020-03-23T17:00:00",
        "stato": "ITA",
        "ricoverati_con_sintomi": 20692,
        "terapia_intensiva": 3204,
        "totale_ospedalizzati": 23896,
        "isolamento_domiciliare": 26522,
        "totale_positivi": 50418,
        "variazione_totale_positivi": 3780,
        "nuovi_positivi": 4789,
        "dimessi_guariti": 7432,
        "deceduti": 6077,
        "totale_casi": 63927,
        "tamponi": 275468,
        "note_it": "",
        "note_en": ""
    },
    {
        "data": "2020-03-24T17:00:00",
        "stato": "ITA",
        "ricoverati_con_sintomi": 21937,
        "terapia_intensiva": 3396,
        "totale_ospedalizzati": 25333,
        "isolamento_domiciliare": 28697,
        "totale_positivi": 54030,
        "variazione_totale_positivi": 3612,
        "nuovi_positivi": 5249,
        "dimessi_guariti": 8326,
        "deceduti": 6820,
        "totale_casi": 69176,
        "tamponi": 296964,
        "note_it": "",
        "note_en": ""
    },
    {
        "data": "2020-03-25T17:00:00",
        "stato": "ITA",
        "ricoverati_con_sintomi": 23112,
        "terapia_intensiva": 3489,
        "totale_ospedalizzati": 26601,
        "isolamento_domiciliare": 30920,
        "totale_positivi": 57521,
        "variazione_totale_positivi": 3491,
        "nuovi_positivi": 5210,
        "dimessi_guariti": 9362,
        "deceduti": 7503,
        "totale_casi": 74386,
        "tamponi": 324445,
        "note_it": "",
        "note_en": ""
    },
    {
        "data": "2020-03-26T17:00:00",
        "stato": "ITA",
        "ricoverati_con_sintomi": 24753,
        "terapia_intensiva": 3612,
        "totale_ospedalizzati": 28365,
        "isolamento_domiciliare": 33648,
        "totale_positivi": 62013,
        "variazione_totale_positivi": 4492,
        "nuovi_positivi": 6153,
        "dimessi_guariti": 10361,
        "deceduti": 8165,
        "totale_casi": 80539,
        "tamponi": 361060,
        "note_it": "pd-IT-0007",
        "note_en": "pd-EN-0007"
    },
    {
        "data": "2020-03-27T17:00:00",
        "stato": "ITA",
        "ricoverati_con_sintomi": 26029,
        "terapia_intensiva": 3732,
        "totale_ospedalizzati": 29761,
        "isolamento_domiciliare": 36653,
        "totale_positivi": 66414,
        "variazione_totale_positivi": 4401,
        "nuovi_positivi": 5959,
        "dimessi_guariti": 10950,
        "deceduti": 9134,
        "totale_casi": 86498,
        "tamponi": 394079,
        "note_it": "",
        "note_en": ""
    },
    {
        "data": "2020-03-28T17:00:00",
        "stato": "ITA",
        "ricoverati_con_sintomi": 26676,
        "terapia_intensiva": 3856,
        "totale_ospedalizzati": 30532,
        "isolamento_domiciliare": 39533,
        "totale_positivi": 70065,
        "variazione_totale_positivi": 3651,
        "nuovi_positivi": 5974,
        "dimessi_guariti": 12384,
        "deceduti": 10023,
        "totale_casi": 92472,
        "tamponi": 429526,
        "note_it": "",
        "note_en": ""
    },
    {
        "data": "2020-03-29T17:00:00",
        "stato": "ITA",
        "ricoverati_con_sintomi": 27386,
        "terapia_intensiva": 3906,
        "totale_ospedalizzati": 31292,
        "isolamento_domiciliare": 42588,
        "totale_positivi": 73880,
        "variazione_totale_positivi": 3815,
        "nuovi_positivi": 5217,
        "dimessi_guariti": 13030,
        "deceduti": 10779,
        "totale_casi": 97689,
        "tamponi": 454030,
        "note_it": "pd-IT-0009",
        "note_en": "pd-EN-0009"
    },
    {
        "data": "2020-03-30T17:00:00",
        "stato": "ITA",
        "ricoverati_con_sintomi": 27795,
        "terapia_intensiva": 3981,
        "totale_ospedalizzati": 31776,
        "isolamento_domiciliare": 43752,
        "totale_positivi": 75528,
        "variazione_totale_positivi": 1648,
        "nuovi_positivi": 4050,
        "dimessi_guariti": 14620,
        "deceduti": 11591,
        "totale_casi": 101739,
        "tamponi": 477359,
        "note_it": "",
        "note_en": ""
    },
    {
        "data": "2020-03-31T17:00:00",
        "stato": "ITA",
        "ricoverati_con_sintomi": 28192,
        "terapia_intensiva": 4023,
        "totale_ospedalizzati": 32215,
        "isolamento_domiciliare": 45420,
        "totale_positivi": 77635,
        "variazione_totale_positivi": 2107,
        "nuovi_positivi": 4053,
        "dimessi_guariti": 15729,
        "deceduti": 12428,
        "totale_casi": 105792,
        "tamponi": 506968,
        "note_it": "",
        "note_en": ""
    },
    {
        "data": "2020-04-01T17:00:00",
        "stato": "ITA",
        "ricoverati_con_sintomi": 28403,
        "terapia_intensiva": 4035,
        "totale_ospedalizzati": 32438,
        "isolamento_domiciliare": 48134,
        "totale_positivi": 80572,
        "variazione_totale_positivi": 2937,
        "nuovi_positivi": 4782,
        "dimessi_guariti": 16847,
        "deceduti": 13155,
        "totale_casi": 110574,
        "tamponi": 541423,
        "note_it": "",
        "note_en": ""
    },
    {
        "data": "2020-04-02T17:00:00",
        "stato": "ITA",
        "ricoverati_con_sintomi": 28540,
        "terapia_intensiva": 4053,
        "totale_ospedalizzati": 32593,
        "isolamento_domiciliare": 50456,
        "totale_positivi": 83049,
        "variazione_totale_positivi": 2477,
        "nuovi_positivi": 4668,
        "dimessi_guariti": 18278,
        "deceduti": 13915,
        "totale_casi": 115242,
        "tamponi": 581232,
        "note_it": "",
        "note_en": ""
    }
]