[
    {
        "codice": "pd-EN-0001",
        "data": "2020-03-07T17:00:00",
        "dataset": "dati_province",
        "stato": "ITA",
        "codice_regione": 3,
        "regione": "Lombardia",
        "codice_provincia": 17,
        "provincia": "Brescia",
        "sigla_provincia": "BS",
        "tipologia_avviso": "partial data",
        "avviso": "partial communication of data",
        "note": "300 positive cases"
    },
    {
        "codice": "pd-EN-0002",
        "data": "2020-03-07T17:00:00",
        "dataset": "dati_regioni",
        "stato": "ITA",
        "codice_regione": 3,
        "regione": "Lombardia",
        "codice_provincia": 17,
        "provincia": "Brescia",
        "sigla_provincia": "BS",
        "tipologia_avviso": "partial data",
        "avviso": "partial communication of data",
        "note": "300 positive cases"
    },
    {
        "codice": "pd-EN-0003",
        "data": "2020-03-07T17:00:00",
        "dataset": "andamento_nazionale",
        "stato": "ITA",
        "codice_regione": 3,
        "regione": "Lombardia",
        "codice_provincia": 17,
        "provincia": "Brescia",
        "sigla_provincia": "BS",
        "tipologia_avviso": "partial data",
        "avviso": "partial communication of data",
        "note": "300 positive cases"
    },
    {
        "codice": "pd-EN-0004",
        "data": "2020-03-10T17:00:00",
        "dataset": "dati_regioni",
        "stato": "ITA",
        "codice_regione": 3,
        "regione": "Lombardia",
        "codice_provincia": null,
        "provincia": "",
        "sigla_provincia": "",
        "tipologia_avviso": "partial data",
        "avviso": "partial communication of data",
        "note": ""
    },
    {
        "codice": "nd-EN-0005",
        "data": "2020-03-10T17:00:00",
        "dataset": "andamento_nazionale",
        "stato": "ITA",
        "codice_regione": 3,
        "regione": "Lombardia",
        "codice_provincia": null,
        "provincia": "",
        "sigla_provincia": "",
        "tipologia_avviso": "partial data",
        "avviso": "partial communication of data",
        "note": ""
    },
    {
        "codice": "nd-EN-0006",
        "data": "2020-03-11T17:00:00",
        "dataset": "dati_regioni",
        "stato": "ITA",
        "codice_regione": 13,
        "regione": "Abruzzo",
        "codice_provincia": null,
        "provincia": "",
        "sigla_provincia": "",
        "tipologia_avviso": "no data",
        "avviso": "no data has been sent",
        "note": ""
    },
    {
        "codice": "nd-EN-0007",
        "data": "2020-03-11T17:00:00",
        "dataset": "andamento_nazionale",
        "stato": "ITA",
        "codice_regione": 13,
        "regione": "Abruzzo",
        "codice_provincia": null,
        "provincia": "",
        "sigla_provincia": "",
        "tipologia_avviso": "no data",
        "avviso": "no data has been sent",
        "note": ""
    },
    {
        "codice": "nd-EN-0008",
        "data": "2020-03-16T17:00:00",
        "dataset": "dati_regioni",
        "stato": "ITA",
        "codice_regione": 4,
        "regione": "P.A. Trento",
        "codice_provincia": null,
        "provincia": "",
        "sigla_provincia": "",
        "tipologia_avviso": "no data",
        "avviso": "no data has been sent",
        "note": ""
    },
    {
        "codice": "nd-EN-0009",
        "data": "2020-03-16T17:00:00",
        "dataset": "andamento_nazionale",
        "stato": "ITA",
        "codice_regione": 4,
        "regione": "P.A. Trento",
        "codice_provincia": null,
        "provincia": "",
        "sigla_provincia": "",
        "tipologia_avviso": "no data",
        "avviso": "no data has been sent",
        "note": ""
    },
    {
        "codice": "nd-EN-0010",
        "data": "2020-03-16T17:00:00",
        "dataset": "dati_regioni",
        "stato": "ITA",
        "codice_regione": 16,
        "regione": "Puglia",
        "codice_provincia": null,
        "provincia": "",
        "sigla_provincia": "",
        "tipologia_avviso": "no data",
        "avviso": "no data has been sent",
        "note": ""
    },
    {
        "codice": "nd-EN-0011",
        "data": "2020-03-16T17:00:00",
        "dataset": "andamento_nazionale",
        "stato": "ITA",
        "codice_regione": 16,
        "regione": "Puglia",
        "codice_provincia": null,
        "provincia": "",
        "sigla_provincia": "",
        "tipologia_avviso": "no data",
        "avviso": "no data has been sent",
        "note": ""
    },
    {
        "codice": "nd-EN-0012",
        "data": "2020-03-17T17:00:00",
        "dataset": "dati_province",
        "stato": "ITA",
        "codice_regione": 8,
        "regione": "Emilia-Romagna",
        "codice_provincia": 99,
        "provincia": "Rimini",
        "sigla_provincia": "RN",
        "tipologia_avviso": "no data",
        "avviso": "no data has been sent",
        "note": ""
    },
    {
        "codice": "nd-EN-0013",
        "data": "2020-03-17T17:00:00",
        "dataset": "dati_regioni",
        "stato": "ITA",
        "codice_regione": 8,
        "regione": "Emilia-Romagna",
        "codice_provincia": 99,
        "provincia": "Rimini",
        "sigla_provincia": "RN",
        "tipologia_avviso": "no data",
        "avviso": "no data has been sent",
        "note": ""
    },
    {
        "codice": "nd-EN-0014",
        "data": "2020-03-17T17:00:00",
        "dataset": "andamento_nazionale",
        "stato": "ITA",
        "codice_regione": 8,
        "regione": "Emilia-Romagna",
        "codice_provincia": 99,
        "provincia": "Rimini",
        "sigla_provincia": "RN",
        "tipologia_avviso": "no data",
        "avviso": "no data has been sent",
        "note": ""
    },
    {
        "codice": "nd-EN-0015",
        "data": "2020-03-18T17:00:00",
        "dataset": "dati_province",
        "stato": "ITA",
        "codice_regione": 8,
        "regione": "Emilia-Romagna",
        "codice_provincia": 34,
        "provincia": "Parma",
        "sigla_provincia": "PR",
        "tipologia_avviso": "no data",
        "avviso": "no data has been sent",
        "note": ""
    },
    {
        "codice": "nd-EN-0016",
        "data": "2020-03-18T17:00:00",
        "dataset": "dati_regioni",
        "stato": "ITA",
        "codice_regione": 8,
        "regione": "Emilia-Romagna",
        "codice_provincia": 34,
        "provincia": "Parma",
        "sigla_provincia": "PR",
        "tipologia_avviso": "no data",
        "avviso": "no data has been sent",
        "note": ""
    },
    {
        "codice": "nd-EN-0017",
        "data": "2020-03-18T17:00:00",
        "dataset": "andamento_nazionale",
        "stato": "ITA",
        "codice_regione": 8,
        "regione": "Emilia-Romagna",
        "codice_provincia": 34,
        "provincia": "Parma",
        "sigla_provincia": "PR",
        "tipologia_avviso": "no data",
        "avviso": "no data has been sent",
        "note": ""
    },
    {
        "codice": "nd-EN-0018",
        "data": "2020-03-18T17:00:00",
        "dataset": "dati_regioni",
        "stato": "ITA",
        "codice_regione": 15,
        "regione": "Campania",
        "codice_provincia": null,
        "provincia": "",
        "sigla_provincia": "",
        "tipologia_avviso": "no data",
        "avviso": "no data has been sent",
        "note": ""
    },
    {
        "codice": "nd-EN-0019",
        "data": "2020-03-18T17:00:00",
        "dataset": "andamento_nazionale",
        "stato": "ITA",
        "codice_regione": 15,
        "regione": "Campania",
        "codice_provincia": null,
        "provincia": "",
        "sigla_provincia": "",
        "tipologia_avviso": "no data",
        "avviso": "no data has been sent",
        "note": ""
    },
    {
        "codice": "pd-EN-0006",
        "data": "2020-03-26T17:00:00",
        "dataset": "dati_regioni",
        "stato": "ITA",
        "codice_regione": 1,
        "regione": "Piemonte",
        "codice_provincia": null,
        "provincia": "",
        "sigla_provincia": "",
        "tipologia_avviso": "partial data",
        "avviso": "partial communication of data",
        "note": "-50 death - late communication"
    },
    {
        "codice": "pd-EN-0007",
        "data": "2020-03-26T17:00:00",
        "dataset": "andamento_nazionale",
        "stato": "ITA",
        "codice_regione": 1,
        "regione": "Piemonte",
        "codice_provincia": null,
        "provincia": "",
        "sigla_provincia": "",
        "tipologia_avviso": "partial data",
        "avviso": "partial communication of data",
        "note": "-50 - late communication"
    },
    {
        "codice": "pd-EN-0008",
        "data": "2020-03-29T17:00:00",
        "dataset": "dati_regioni",
        "stato": "ITA",
        "codice_regione": 8,
        "regione": "Emilia-Romagna",
        "codice_provincia": null,
        "provincia": "",
        "sigla_provincia": "",
        "tipologia_avviso": "partial data",
        "avviso": "partial communication of data",
        "note": "tests data not update"
    },
    {
        "codice": "pd-EN-0009",
        "data": "2020-03-29T17:00:00",
        "dataset": "andamento_nazionale",
        "stato": "ITA",
        "codice_regione": 8,
        "regione": "Emilia-Romagna",
        "codice_provincia": null,
        "provincia": "",
        "sigla_provincia": "",
        "tipologia_avviso": "partial data",
        "avviso": "partial communication of data",
        "note": " tests data not update"
    }
]