[
    {
        "data": "2020-04-02T17:00:00",
        "stato": "ITA",
        "codice_regione": 13,
        "denominazione_regione": "Abruzzo",
        "lat": 42.35122196,
        "long": 13.39843823,
        "ricoverati_con_sintomi": 341,
        "terapia_intensiva": 75,
        "totale_ospedalizzati": 416,
        "isolamento_domiciliare": 835,
        "totale_positivi": 1251,
        "variazione_totale_positivi": 40,
        "nuovi_positivi": 61,
        "dimessi_guariti": 113,
        "deceduti": 133,
        "totale_casi": 1497,
        "tamponi": 10647,
        "note_it": "",
        "note_en": ""
    },
    {
        "data": "2020-04-02T17:00:00",
        "stato": "ITA",
        "codice_regione": 17,
        "denominazione_regione": "Basilicata",
        "lat": 40.63947052,
        "long": 15.80514834,
        "ricoverati_con_sintomi": 38,
        "terapia_intensiva": 19,
        "totale_ospedalizzati": 57,
        "isolamento_domiciliare": 176,
        "totale_positivi": 233,
        "variazione_totale_positivi": 8,
        "nuovi_positivi": 9,
        "dimessi_guariti": 3,
        "deceduti": 10,
        "totale_casi": 246,
        "tamponi": 2427,
        "note_it": "",
        "note_en": ""
    },
    {
        "data": "2020-04-02T17:00:00",
        "stato": "ITA",
        "codice_regione": 4,
        "denominazione_regione": "P.A. Bolzano",
        "lat": 46.49933453,
        "long": 11.35662422,
        "ricoverati_con_sintomi": 279,
        "terapia_intensiva": 60,
        "totale_ospedalizzati": 339,
        "isolamento_domiciliare": 821,
        "totale_positivi": 1160,
        "variazione_totale_positivi": 48,
        "nuovi_positivi": 61,
        "dimessi_guariti": 190,
        "deceduti": 129,
        "totale_casi": 1479,
        "tamponi": 12677,
        "note_it": "",
        "note_en": ""
    },
    {
        "data": "2020-04-02T17:00:00",
        "stato": "ITA",
        "codice_regione": 18,
        "denominazione_regione": "Calabria",
        "lat": 38.90597598,
        "long": 16.59440194,
        "ricoverati_con_sintomi": 163,
        "terapia_intensiva": 19,
        "totale_ospedalizzati": 182,
        "isolamento_domiciliare": 445,
        "totale_positivi": 627,
        "variazione_totale_positivi": 17,
        "nuovi_positivi": 22,
        "dimessi_guariti": 23,
        "deceduti": 41,
        "totale_casi": 691,
        "tamponi": 10679,
        "note_it": "",
        "note_en": ""
    },
    {
        "data": "2020-04-02T17:00:00",
        "stato": "ITA",
        "codice_regione": 15,
        "denominazione_regione": "Campania",
        "lat": 40.83956555,
        "long": 14.25084984,
        "ricoverati_con_sintomi": 503,
        "terapia_intensiva": 120,
        "totale_ospedalizzati": 623,
        "isolamento_domiciliare": 1517,
        "totale_positivi": 2140,
        "variazione_totale_positivi": 164,
        "nuovi_positivi": 225,
        "dimessi_guariti": 149,
        "deceduti": 167,
        "totale_casi": 2456,
        "tamponi": 17404,
        "note_it": "",
        "note_en": ""
    },
    {
        "data": "2020-04-02T17:00:00",
        "stato": "ITA",
        "codice_regione": 8,
        "denominazione_regione": "Emilia-Romagna",
        "lat": 44.49436681,
        "long": 11.3417208,
        "ricoverati_con_sintomi": 3944,
        "terapia_intensiva": 366,
        "totale_ospedalizzati": 4310,
        "isolamento_domiciliare": 7549,
        "totale_positivi": 11859,
        "variazione_totale_positivi": 370,
        "nuovi_positivi": 546,
        "dimessi_guariti": 1663,
        "deceduti": 1811,
        "totale_casi": 15333,
        "tamponi": 60507,
        "note_it": "",
        "note_en": ""
    },
    {
        "data": "2020-04-02T17:00:00",
        "stato": "ITA",
        "codice_regione": 6,
        "denominazione_regione": "Friuli Venezia Giulia",
        "lat": 45.6494354,
        "long": 13.76813649,
        "ricoverati_con_sintomi": 199,
        "terapia_intensiva": 60,
        "totale_ospedalizzati": 259,
        "isolamento_domiciliare": 1035,
        "totale_positivi": 1294,
        "variazione_totale_positivi": 88,
        "nuovi_positivi": 114,
        "dimessi_guariti": 376,
        "deceduti": 129,
        "totale_casi": 1799,
        "tamponi": 17121,
        "note_it": "",
        "note_en": ""
    },
    {
        "data": "2020-04-02T17:00:00",
        "stato": "ITA",
        "codice_regione": 12,
        "denominazione_regione": "Lazio",
        "lat": 41.89277044,
        "long": 12.48366722,
        "ricoverati_con_sintomi": 1169,
        "terapia_intensiva": 181,
        "totale_ospedalizzati": 1350,
        "isolamento_domiciliare": 1529,
        "totale_positivi": 2879,
        "variazione_totale_positivi": 121,
        "nuovi_positivi": 169,
        "dimessi_guariti": 369,
        "deceduti": 185,
        "totale_casi": 3433,
        "tamponi": 41575,
        "note_it": "",
        "note_en": ""
    },
    {
        "data": "2020-04-02T17:00:00",
        "stato": "ITA",
        "codice_regione": 7,
        "denominazione_regione": "Liguria",
        "lat": 44.41149315,
        "long": 8.9326992,
        "ricoverati_con_sintomi": 1120,
        "terapia_intensiva": 172,
        "totale_ospedalizzati": 1292,
        "isolamento_domiciliare": 1368,
        "totale_positivi": 2660,
        "variazione_totale_positivi": 15,
        "nuovi_positivi": 122,
        "dimessi_guariti": 634,
        "deceduti": 488,
        "totale_casi": 3782,
        "tamponi": 12069,
        "note_it": "",
        "note_en": ""
    },
    {
        "data": "2020-04-02T17:00:00",
        "stato": "ITA",
        "codice_regione": 3,
        "denominazione_regione": "Lombardia",
        "lat": 45.46679409,
        "long": 9.190347404,
        "ricoverati_con_sintomi": 11762,
        "terapia_intensiva": 1351,
        "totale_ospedalizzati": 13113,
        "isolamento_domiciliare": 12763,
        "totale_positivi": 25876,
        "variazione_totale_positivi": 111,
        "nuovi_positivi": 1292,
        "dimessi_guariti": 12229,
        "deceduti": 7960,
        "totale_casi": 46065,
        "tamponi": 128286,
        "note_it": "",
        "note_en": ""
    },
    {
        "data": "2020-04-02T17:00:00",
        "stato": "ITA",
        "codice_regione": 11,
        "denominazione_regione": "Marche",
        "lat": 43.61675973,
        "long": 13.5188753,
        "ricoverati_con_sintomi": 986,
        "terapia_intensiva": 164,
        "totale_ospedalizzati": 1150,
        "isolamento_domiciliare": 2405,
        "totale_positivi": 3555,
        "variazione_totale_positivi": 99,
        "nuovi_positivi": 136,
        "dimessi_guariti": 40,
        "deceduti": 503,
        "totale_casi": 4098,
        "tamponi": 12943,
        "note_it": "",
        "note_en": ""
    },
    {
        "data": "2020-04-02T17:00:00",
        "stato": "ITA",
        "codice_regione": 14,
        "denominazione_regione": "Molise",
        "lat": 41.55774754,
        "long": 14.65916051,
        "ricoverati_con_sintomi": 30,
        "terapia_intensiva": 8,
        "totale_ospedalizzati": 38,
        "isolamento_domiciliare": 95,
        "totale_positivi": 133,
        "variazione_totale_positivi": 2,
        "nuovi_positivi": 5,
        "dimessi_guariti": 21,
        "deceduti": 11,
        "totale_casi": 165,
        "tamponi": 1229,
        "note_it": "",
        "note_en": ""
    },
    {
        "data": "2020-04-02T17:00:00",
        "stato": "ITA",
        "codice_regione": 1,
        "denominazione_regione": "Piemonte",
        "lat": 45.0732745,
        "long": 7.680687483,
        "ricoverati_con_sintomi": 3341,
        "terapia_intensiva": 453,
        "totale_ospedalizzati": 3794,
        "isolamento_domiciliare": 5005,
        "totale_positivi": 8799,
        "variazione_totale_positivi": 329,
        "nuovi_positivi": 558,
        "dimessi_guariti": 571,
        "deceduti": 983,
        "totale_casi": 10353,
        "tamponi": 32100,
        "note_it": "",
        "note_en": ""
    },
    {
        "data": "2020-04-02T17:00:00",
        "stato": "ITA",
        "codice_regione": 16,
        "denominazione_regione": "Puglia",
        "lat": 41.12559576,
        "long": 16.86736689,
        "ricoverati_con_sintomi": 645,
        "terapia_intensiva": 118,
        "totale_ospedalizzati": 763,
        "isolamento_domiciliare": 1101,
        "totale_positivi": 1864,
        "variazione_totale_positivi": 108,
        "nuovi_positivi": 131,
        "dimessi_guariti": 69,
        "deceduti": 144,
        "totale_casi": 2077,
        "tamponi": 16554,
        "note_it": "",
        "note_en": ""
    },
    {
        "data": "2020-04-02T17:00:00",
        "stato": "ITA",
        "codice_regione": 20,
        "denominazione_regione": "Sardegna",
        "lat": 39.21531192,
        "long": 9.110616306,
        "ricoverati_con_sintomi": 117,
        "terapia_intensiva": 24,
        "totale_ospedalizzati": 141,
        "isolamento_domiciliare": 577,
        "totale_positivi": 718,
        "variazione_totale_positivi": 43,
        "nuovi_positivi": 49,
        "dimessi_guariti": 36,
        "deceduti": 40,
        "totale_casi": 794,
        "tamponi": 5970,
        "note_it": "",
        "note_en": ""
    },
    {
        "data": "2020-04-02T17:00:00",
        "stato": "ITA",
        "codice_regione": 19,
        "denominazione_regione": "Sicilia",
        "lat": 38.11569725,
        "long": 13.3623567,
        "ricoverati_con_sintomi": 503,
        "terapia_intensiva": 73,
        "totale_ospedalizzati": 576,
        "isolamento_domiciliare": 1030,
        "totale_positivi": 1606,
        "variazione_totale_positivi": 62,
        "nuovi_positivi": 73,
        "dimessi_guariti": 92,
        "deceduti": 93,
        "totale_casi": 1791,
        "tamponi": 17833,
        "note_it": "",
        "note_en": ""
    },
    {
        "data": "2020-04-02T17:00:00",
        "stato": "ITA",
        "codice_regione": 9,
        "denominazione_regione": "Toscana",
        "lat": 43.76923077,
        "long": 11.25588885,
        "ricoverati_con_sintomi": 1135,
        "terapia_intensiva": 295,
        "totale_ospedalizzati": 1430,
        "isolamento_domiciliare": 3359,
        "totale_positivi": 4789,
        "variazione_totale_positivi": 357,
        "nuovi_positivi": 406,
        "dimessi_guariti": 216,
        "deceduti": 268,
        "totale_casi": 5273,
        "tamponi": 40724,
        "note_it": "",
        "note_en": ""
    },
    {
        "data": "2020-04-02T17:00:00",
        "stato": "ITA",
        "codice_regione": 4,
        "denominazione_regione": "P.A. Trento",
        "lat": 46.06893511,
        "long": 11.12123097,
        "ricoverati_con_sintomi": 339,
        "terapia_intensiva": 78,
        "totale_ospedalizzati": 417,
        "isolamento_domiciliare": 1170,
        "totale_positivi": 1587,
        "variazione_totale_positivi": 104,
        "nuovi_positivi": 133,
        "dimessi_guariti": 229,
        "deceduti": 187,
        "totale_casi": 2003,
        "tamponi": 8496,
        "note_it": "",
        "note_en": ""
    },
    {
        "data": "2020-04-02T17:00:00",
        "stato": "ITA",
        "codice_regione": 10,
        "denominazione_regione": "Umbria",
        "lat": 43.10675841,
        "long": 12.38824698,
        "ricoverati_con_sintomi": 171,
        "terapia_intensiva": 47,
        "totale_ospedalizzati": 218,
        "isolamento_domiciliare": 667,
        "totale_positivi": 885,
        "variazione_totale_positivi": 21,
        "nuovi_positivi": 33,
        "dimessi_guariti": 205,
        "deceduti": 38,
        "totale_casi": 1128,
        "tamponi": 9737,
        "note_it": "",
        "note_en": ""
    },
    {
        "data": "2020-04-02T17:00:00",
        "stato": "ITA",
        "codice_regione": 2,
        "denominazione_regione": "Valle d'Aosta",
        "lat": 45.73750286,
        "long": 7.320149366,
        "ricoverati_con_sintomi": 85,
        "terapia_intensiva": 25,
        "totale_ospedalizzati": 110,
        "isolamento_domiciliare": 446,
        "totale_positivi": 556,
        "variazione_totale_positivi": 16,
        "nuovi_positivi": 37,
        "dimessi_guariti": 49,
        "deceduti": 63,
        "totale_casi": 668,
        "tamponi": 1934,
        "note_it": "",
        "note_en": ""
    },
    {
        "data": "2020-04-02T17:00:00",
        "stato": "ITA",
        "codice_regione": 5,
        "denominazione_regione": "Veneto",
        "lat": 45.43490485,
        "long": 12.33845213,
        "ricoverati_con_sintomi": 1670,
        "terapia_intensiva": 345,
        "totale_ospedalizzati": 2015,
        "isolamento_domiciliare": 6563,
        "totale_positivi": 8578,
        "variazione_totale_positivi": 354,
        "nuovi_positivi": 486,
        "dimessi_guariti": 1001,
        "deceduti": 532,
        "totale_casi": 10111,
        "tamponi": 120320,
        "note_it": "",
        "note_en": ""
    }
]