[
    {
        "codice": "pd-IT-0001",
        "data": "2020-03-07T17:00:00",
        "dataset": "dati_province",
        "stato": "ITA",
        "codice_regione": 3,
        "regione": "Lombardia",
        "codice_provincia": 17,
        "provincia": "Brescia",
        "sigla_provincia": "BS",
        "tipologia_avviso": "dati parziali",
        "avviso": "comunicazione parziale dei dati",
        "note": "300 positive cases"
    },
    {
        "codice": "pd-IT-0002",
        "data": "2020-03-07T17:00:00",
        "dataset": "dati_regioni",
        "stato": "ITA",
        "codice_regione": 3,
        "regione": "Lombardia",
        "codice_provincia": 17,
        "provincia": "Brescia",
        "sigla_provincia": "BS",
        "tipologia_avviso": "dati parziali",
        "avviso": "comunicazione parziale dei dati",
        "note": "300 positive cases"
    },
    {
        "codice": "pd-IT-0003",
        "data": "2020-03-07T17:00:00",
        "dataset": "andamento_nazionale",
        "stato": "ITA",
        "codice_regione": 3,
        "regione": "Lombardia",
        "codice_provincia": 17,
        "provincia": "Brescia",
        "sigla_provincia": "BS",
        "tipologia_avviso": "dati parziali",
        "avviso": "comunicazione parziale dei dati",
        "note": "300 positive cases"
    },
    {
        "codice": "pd-IT-0004",
        "data": "2020-03-10T17:00:00",
        "dataset": "dati_regioni",
        "stato": "ITA",
        "codice_regione": 3,
        "regione": "Lombardia",
        "codice_provincia": null,
        "provincia": "",
        "sigla_provincia": "",
        "tipologia_avviso": "dati parziali",
        "avviso": "comunicazione parziale dei dati",
        "note": ""
    },
    {
        "codice": "pd-IT-0005",
        "data": "2020-03-10T17:00:00",
        "dataset": "andamento_nazionale",
        "stato": "ITA",
        "codice_regione": 3,
        "regione": "Lombardia",
        "codice_provincia": null,
        "provincia": "",
        "sigla_provincia": "",
        "tipologia_avviso": "dati parziali",
        "avviso": "comunicazione parziale dei dati",
        "note": ""
    },
    {
        "codice": "nd-IT-0001",
        "data": "2020-03-11T17:00:00",
        "dataset": "dati_regioni",
        "stato": "ITA",
        "codice_regione": 13,
        "regione": "Abruzzo",
        "codice_provincia": null,
        "provincia": "",
        "sigla_provincia": "",
        "tipologia_avviso": "nessun dato",
        "avviso": "non sono stati comunicati dati",
        "note": ""
    },
    {
        "codice": "nd-IT-0002",
        "data": "2020-03-11T17:00:00",
        "dataset": "andamento_nazionale",
        "stato": "ITA",
        "codice_regione": 13,
        "regione": "Abruzzo",
        "codice_provincia": null,
        "provincia": "",
        "sigla_provincia": "",
        "tipologia_avviso": "nessun dato",
        "avviso": "non sono stati comunicati dati",
        "note": ""
    },
    {
        "codice": "nd-IT-0003",
        "data": "2020-03-16T17:00:00",
        "dataset": "dati_regioni",
        "stato": "ITA",
        "codice_regione": 4,
        "regione": "P.A. Trento",
        "codice_provincia": null,
        "provincia": "",
        "sigla_provincia": "",
        "tipologia_avviso": "nessun dato",
        "avviso": "non sono stati comunicati dati",
        "note": ""
    },
    {
        "codice": "nd-IT-0004",
        "data": "2020-03-16T17:00:00",
        "dataset": "andamento_nazionale",
        "stato": "ITA",
        "codice_regione": 4,
        "regione": "P.A. Trento",
        "codice_provincia": null,
        "provincia": "",
        "sigla_provincia": "",
        "tipologia_avviso": "nessun dato",
        "avviso": "non sono stati comunicati dati",
        "note": ""
    },
    {
        "codice": "nd-IT-0005",
        "data": "2020-03-16T17:00:00",
        "dataset": "dati_regioni",
        "stato": "ITA",
        "codice_regione": 16,
        "regione": "Puglia",
        "codice_provincia": null,
        "provincia": "",
        "sigla_provincia": "",
        "tipologia_avviso": "nessun dato",
        "avviso": "non sono stati comunicati dati",
        "note": ""
    },
    {
        "codice": "nd-IT-0006",
        "data": "2020-03-16T17:00:00",
        "dataset": "andamento_nazionale",
        "stato": "ITA",
        "codice_regione": 16,
        "regione": "Puglia",
        "codice_provincia": null,
        "provincia": "",
        "sigla_provincia": "",
        "tipologia_avviso": "nessun dato",
        "avviso": "non sono stati comunicati dati",
        "note": ""
    },
    {
        "codice": "nd-IT-0007",
        "data": "2020-03-17T17:00:00",
        "dataset": "dati_province",
        "stato": "ITA",
        "codice_regione": 8,
        "regione": "Emilia-Romagna",
        "codice_provincia": 99,
        "provincia": "Rimini",
        "sigla_provincia": "RN",
        "tipologia_avviso": "nessun dato",
        "avviso": "non sono stati comunicati dati",
        "note": ""
    },
    {
        "codice": "nd-IT-0008",
        "data": "2020-03-17T17:00:00",
        "dataset": "dati_regioni",
        "stato": "ITA",
        "codice_regione": 8,
        "regione": "Emilia-Romagna",
        "codice_provincia": 99,
        "provincia": "Rimini",
        "sigla_provincia": "RN",
        "tipologia_avviso": "nessun dato",
        "avviso": "non sono stati comunicati dati",
        "note": ""
    },
    {
        "codice": "nd-IT-0009",
        "data": "2020-03-17T17:00:00",
        "dataset": "andamento_nazionale",
        "stato": "ITA",
        "codice_regione": 8,
        "regione": "Emilia-Romagna",
        "codice_provincia": 99,
        "provincia": "Rimini",
        "sigla_provincia": "RN",
        "tipologia_avviso": "nessun dato",
        "avviso": "non sono stati comunicati dati",
        "note": ""
    },
    {
        "codice": "nd-IT-0010",
        "data": "2020-03-18T17:00:00",
        "dataset": "dati_province",
        "stato": "ITA",
        "codice_regione": 8,
        "regione": "Emilia-Romagna",
        "codice_provincia": 34,
        "provincia": "Parma",
        "sigla_provincia": "PR",
        "tipologia_avviso": "nessun dato",
        "avviso": "non sono stati comunicati dati",
        "note": ""
    },
    {
        "codice": "nd-IT-0011",
        "data": "2020-03-18T17:00:00",
        "dataset": "dati_regioni",
        "stato": "ITA",
        "codice_regione": 8,
        "regione": "Emilia-Romagna",
        "codice_provincia": 34,
        "provincia": "Parma",
        "sigla_provincia": "PR",
        "tipologia_avviso": "nessun dato",
        "avviso": "non sono stati comunicati dati",
        "note": ""
    },
    {
        "codice": "nd-IT-0012",
        "data": "2020-03-18T17:00:00",
        "dataset": "andamento_nazionale",
        "stato": "ITA",
        "codice_regione": 8,
        "regione": "Emilia-Romagna",
        "codice_provincia": 34,
        "provincia": "Parma",
        "sigla_provincia": "PR",
        "tipologia_avviso": "nessun dato",
        "avviso": "non sono stati comunicati dati",
        "note": ""
    },
    {
        "codice": "nd-IT-0013",
        "data": "2020-03-18T17:00:00",
        "dataset": "dati_regioni",
        "stato": "ITA",
        "codice_regione": 15,
        "regione": "Campania",
        "codice_provincia": null,
        "provincia": "",
        "sigla_provincia": "",
        "tipologia_avviso": "nessun dato",
        "avviso": "non sono stati comunicati dati",
        "note": ""
    },
    {
        "codice": "nd-IT-0014",
        "data": "2020-03-18T17:00:00",
        "dataset": "andamento_nazionale",
        "stato": "ITA",
        "codice_regione": 15,
        "regione": "Campania",
        "codice_provincia": null,
        "provincia": "",
        "sigla_provincia": "",
        "tipologia_avviso": "nessun dato",
        "avviso": "non sono stati comunicati dati",
        "note": ""
    },
    {
        "codice": "pd-IT-0006",
        "data": "2020-03-26T17:00:00",
        "dataset": "dati_regioni",
        "stato": "ITA",
        "codice_regione": 1,
        "regione": "Piemonte",
        "codice_provincia": null,
        "provincia": "",
        "sigla_provincia": "",
        "tipologia_avviso": "dati parziali",
        "avviso": "comunicazione parziale dei dati",
        "note": "-50 deceduti - comunicazione tardiva"
    },
    {
        "codice": "pd-IT-0007",
        "data": "2020-03-26T17:00:00",
        "dataset": "andamento_nazionale",
        "stato": "ITA",
        "codice_regione": 1,
        "regione": "Piemonte",
        "codice_provincia": null,
        "provincia": "",
        "sigla_provincia": "",
        "tipologia_avviso": "dati parziali",
        "avviso": "comunicazione parziale dei dati",
        "note": "-50 deceduti - comunicazione tardiva"
    },
    {
        "codice": "pd-IT-0008",
        "data": "2020-03-29T17:00:00",
        "dataset": "dati_regioni",
        "stato": "ITA",
        "codice_regione": 8,
        "regione": "Emilia-Romagna",
        "codice_provincia": null,
        "provincia": "",
        "sigla_provincia": "",
        "tipologia_avviso": "dati parziali",
        "avviso": "comunicazione parziale dei dati",
        "note": "dato tamponi non aggiornato"
    },
    {
        "codice": "pd-IT-0009",
        "data": "2020-03-29T17:00:00",
        "dataset": "andamento_nazionale",
        "stato": "ITA",
        "codice_regione": 8,
        "regione": "Emilia-Romagna",
        "codice_provincia": null,
        "provincia": "",
        "sigla_provincia": "",
        "tipologia_avviso": "dati parziali",
        "avviso": "comunicazione parziale dei dati",
        "note": " dato tamponi non aggiornato"
    }
]